Feature,Importance,Importance_Pct
Coolant_7Day_Trend_C_Per_Day,0.360667988427965,36.07
Coolant_Temp_Max_C,0.3342185616928607,33.42
Coolant_Temp_Avg_C,0.16493954709524197,16.49
Recent_Cooling_Alerts_7D,0.07506768594312296,7.51
Days_Since_Cooling_Service,0.015642990980908635,1.56
Hydraulic_Oil_Temp_C,0.012824094124705837,1.28
Fuel_Rate_LPH,0.009222130948994626,0.92
Engine_Load_Pct,0.00885388784774347,0.89
Ambient_Temp_C,0.006742672090138598,0.67
Daily_Working_Hours,0.004497384167318316,0.45
HMR,0.003950420814945645,0.4
Data_Quality_Score,0.0033726358660543837,0.34
